CommunityID,Members,MotherID,FunIntegration,Coverage,CommunityScore,Round
com1,"[129, 256, 34, 8, 87]",com0,0.06000046296296293,15,0.1075386012715713,0
com2,"[25, 21, 34, 35, 45, 54, 1, 62, 65, 68, 69, 202, 74, 83, 84, 88, 87, 205, 90, 101, 129, 117, 8, 10, 17, 20, 137, 133, 53, 63, 92, 174, 106, 103, 125, 250, 256, 252, 209]",com0,0.05957104361993066,21,0.12261580381471386,0
com3,"[1, 103, 106, 133, 174, 20, 202, 205, 25, 256, 35, 45, 53, 54, 62, 69, 74, 8, 87, 88, 90, 92]",com0,0.05585951398932135,18,0.17530864197530865,0
com4,"[1, 103, 106, 125, 174, 25, 250, 252, 65, 74, 8, 83, 84]",com0,0.07411243523033496,21,0.11989100817438687,0
com5,"[1, 103, 106, 125, 129, 137, 17, 174, 20, 205, 209, 21, 25, 250, 252, 256, 35, 45, 62, 63, 65, 68, 69, 74, 8, 83, 84, 87, 90, 92]",com0,0.06484616293648184,21,0.11102624176502121,0
com6,"[10, 101, 17, 202, 209, 250, 83]",com0,0.07218607187563025,21,0.09433962264150937,0
com7,"[101, 202, 21, 25, 256, 65, 68, 69, 74, 90]",com0,0.04812820773028002,13,0.06469002695417796,0
com8,"[10, 101, 106, 117, 125, 129, 174, 21, 256, 45, 68, 74, 8, 84, 88, 90, 92]",com0,0.06267161046403856,17,0.18867924528301888,0
com9,"[1, 10, 101, 103, 125, 129, 133, 137, 17, 174, 20, 202, 205, 209, 21, 25, 252, 256, 34, 35, 45, 53, 54, 62, 63, 65, 68, 69, 74, 8, 87, 88, 90, 92]",com0,0.05587122303309905,19,0.19407008086253372,0
com10,"[117, 20, 202, 205, 250, 53, 65, 83, 88, 90]",com0,0.05340485428739394,18,-4.40667758543449e-5,0
com11,"[1, 103, 106, 125, 174, 20, 205, 209, 21, 250, 252, 256, 34, 35, 63, 65, 68, 87, 90]",com0,0.06777842383937452,21,0.16049382716049382,0
com12,"[1, 106, 117, 129, 133, 137, 17, 20, 202, 205, 209, 21, 250, 252, 256, 35, 45, 54, 62, 63, 68, 69, 83, 87, 92]",com0,0.06611673033751475,21,0.017072022067480756,0
com13,"[129, 25, 256, 62, 88]",com0,0.05836805555555554,11,0.04632152588555862,0
com14,"[1, 101, 106, 117, 125, 129, 137, 174, 20, 202, 209, 21, 25, 252, 256, 34, 45, 53, 54, 65, 68, 69, 8, 84, 87, 88, 90, 92]",com0,0.05711911172971825,18,0.050599675374751185,0
com15,"[1, 117, 129, 202, 21, 25, 256, 35, 54, 62, 65, 68, 88]",com0,0.05599526224054476,16,0.0024691358024692064,0
com16,"[10, 101, 117, 17, 205, 21, 250, 34, 35, 53, 74, 8, 83, 84, 87, 88]",com0,0.05368082773876014,20,0.06666666666666672,0
com17,"[1, 10, 101, 129, 250, 35]",com0,0.0680215146552448,18,-0.04367242354663735,0
com18,"[1, 101, 106, 129, 137, 174, 20, 202, 205, 21, 252, 256, 34, 35, 45, 53, 62, 63, 69, 74, 83, 87, 88, 90, 92]",com0,0.06189953451144837,18,0.0808625336927223,0
com19,"[101, 103, 106, 117, 125, 133, 137, 20, 202, 205, 21, 250, 256, 53, 54, 62, 63, 68, 69, 74, 84, 88]",com0,0.05960822636295805,21,0.017283950617283966,0
com20,"[1, 10, 101, 106, 117, 125, 129, 133, 137, 17, 174, 205, 21, 25, 256, 34, 35, 45, 53, 54, 62, 63, 65, 68, 69, 8, 83, 84, 88, 90, 92]",com0,0.05375353280786713,18,0.10512129380053903,0
com21,"[133, 205, 21, 25, 256, 53, 8, 83]",com0,0.05482573284593032,15,-0.026408438987055288,0
com22,"[1, 10, 101, 103, 106, 117, 125, 129, 133, 137, 17, 174, 20, 202, 209, 21, 250, 252, 256, 34, 35, 45, 54, 62, 63, 65, 68, 69, 74, 8, 83, 84, 87, 88, 90, 92]",com0,0.06206798352421851,21,0.08148148148148154,0
com23,"[101, 137, 174, 252, 65, 88]",com0,0.07540043846756811,13,0.05925925925925931,0
com24,"[125, 133, 202, 205, 250, 256, 65, 68, 69, 84, 88, 92]",com0,0.06388509369329473,19,0.0490463215258856,0
com25,"[1, 10, 101, 117, 133, 137, 25, 256, 34, 35, 45, 63, 68, 69, 74, 8, 83, 90, 92]",com0,0.05497250626058304,18,0.20000000000000004,0
com26,"[1, 10, 101, 103, 106, 117, 125, 137, 17, 174, 20, 205, 209, 21, 25, 250, 252, 256, 34, 35, 53, 54, 62, 65, 68, 69, 74, 8, 83, 84, 87, 90, 92]",com0,0.06273897950158386,21,0.23950617283950623,0
com27,"[1, 10, 101, 103, 106, 117, 125, 129, 133, 137, 17, 174, 20, 202, 205, 209, 25, 252, 256, 34, 35, 45, 53, 54, 62, 63, 65, 68, 69, 74, 8, 83, 84, 87, 88, 90, 92]",com0,0.0571932018767464,19,0.27792915531335144,0
com28,"[1, 10, 101, 106, 133, 137, 20, 205, 209, 25, 256, 45, 62, 87, 90]",com0,0.05825659877052915,18,-0.002469135802469138,0
com29,"[174, 205, 250, 34, 63, 74, 8, 83]",com0,0.06498787156585989,19,0.11725067385444739,0
com30,"[1, 10, 101, 103, 106, 117, 129, 137, 17, 20, 202, 209, 21, 25, 250, 252, 34, 35, 45, 53, 62, 68, 69, 74, 8, 87, 90]",com0,0.05591598730975648,20,0,0
com31,"[103, 106, 129, 137, 250, 65, 74, 8, 87, 92]",com0,0.0749774304875128,20,0.02345679012345681,0
com32,"[1, 101, 103, 20, 21, 252, 65, 74, 88, 92]",com0,0.066973856414994,15,0.08518518518518525,0
com33,"[103, 106, 174, 21, 25, 250, 62, 92]",com0,0.07369904873620366,17,0.11855845063392237,0
com34,"[1, 101, 202, 252, 62, 74, 84, 90]",com0,0.05548342849044385,13,0.1171662125340599,0
com35,"[133, 17, 174, 20, 202, 205, 21, 250, 53, 54, 63, 84, 87, 90]",com0,0.05137784899087373,20,-0.16871867325999934,0
com36,"[1, 10, 103, 106, 125, 137, 205, 21, 250, 252, 35, 45, 69, 74, 83, 90, 92]",com0,0.07574495324951507,21,0.13580246913580257,0
com37,"[103, 106, 133, 137, 174, 202, 21, 250, 256, 65, 74]",com0,0.07348884218134756,17,0.1093282201365762,0
com38,"[1, 117, 125, 133, 17, 174, 20, 202, 205, 25, 250, 35, 45, 62, 63, 65, 68, 69, 74, 8, 83, 84, 87, 90]",com0,0.04851437134087674,20,0.16522689810609892,0
com39,"[103, 117, 129, 133, 137, 20, 209, 25, 250, 35, 53, 62, 68, 8, 84, 87, 88, 90]",com0,0.05151450320304028,20,0.07901234567901241,0
com40,"[101, 106, 117, 129, 133, 137, 209, 21, 25, 250, 34, 45, 53, 65, 68, 74, 8, 84, 90, 92]",com0,0.05218169102534796,20,0.0806063026188813,0
com41,"[103, 106, 133, 174, 205, 209, 250, 256, 45, 53, 63, 65, 68, 84, 92]",com0,0.06626814648846015,21,0.1654320987654321,0
com42,"[10, 103, 129, 137, 202, 252, 34, 53, 69, 8, 87, 88, 90]",com0,0.05289869506012156,18,-0.03341363279155676,0
com43,"[1, 10, 101, 103, 106, 174, 202, 21, 252, 256, 35, 53, 54, 62, 63, 65, 68, 74, 83, 84, 87, 90, 92]",com0,0.06510868202512807,19,-0.07901234567901227,0
com44,"[1, 103, 106, 117, 125, 133, 137, 17, 174, 20, 202, 205, 250, 252, 256, 34, 35, 53, 54, 62, 63, 68, 74, 83, 84, 87, 88, 92]",com0,0.06503540601016188,21,0.0913580246913581,0
com45,"[1, 106, 129, 20, 202, 209, 21, 252, 34, 35, 45, 54, 62, 63, 74, 87, 88]",com0,0.06275889002980109,19,0.007407407407407414,0
com46,"[103, 125, 133, 20, 21, 250, 35, 63, 65]",com0,0.06607096247849847,21,-0.015326134490530437,0
com47,"[1, 10, 103, 117, 125, 129, 20, 205, 209, 25, 252, 256, 35, 62, 69, 8, 83, 84, 87, 90, 92]",com0,0.06461961775739722,19,-0.0751841760016147,0
com48,"[1, 101, 117, 129, 133, 137, 17, 20, 202, 209, 25, 256, 34, 35, 45, 53, 54, 62, 63, 65, 68, 69, 74, 8, 83, 84, 87, 90, 92]",com0,0.05032768047415392,19,0.2666666666666668,0
com49,"[117, 205, 250, 256, 62, 68, 90]",com0,0.06115202127714275,14,0.1509433962264151,0
com50,"[202, 209, 250, 34, 65]",com0,0.0732711915784832,19,0.09382716049382724,0
com51,"[1, 10, 101, 103, 106, 117, 125, 137, 17, 174, 20, 202, 205, 209, 21, 25, 252, 256, 34, 53, 54, 62, 63, 65, 68, 69, 74, 83, 84, 87, 90, 92]",com0,0.05896221751538,19,0.26684636118598376,0
com52,"[117, 202, 205, 256, 35, 65, 83, 87, 90]",com0,0.06178297331664147,16,-0.013477088948787075,0
com53,"[10, 117, 129, 20, 202, 205, 256, 63, 83]",com0,0.05928742622949385,14,0.05449591280653948,0
com54,"[205, 21, 250, 53, 63, 83, 84]",com0,0.05855846574058362,16,0.137466307277628,0
com55,"[10, 117, 125, 17, 174, 20, 202, 205, 21, 252, 256, 35, 45, 53, 62, 65, 69, 74, 8, 90]",com0,0.05862990630353917,17,0.20246913580246917,0
com56,"[17, 202, 209, 250, 252, 35, 54, 63, 65, 88, 92]",com0,0.0714230426798743,21,0.13580246913580252,0
com57,"[117, 202, 21, 252, 34, 35, 45, 53, 63, 65, 68, 69, 74, 8]",com0,0.04995932393579391,17,0.15291005291005288,0
com58,"[1, 10, 106, 117, 125, 129, 133, 137, 17, 174, 202, 205, 21, 250, 252, 256, 34, 45, 53, 54, 62, 63, 65, 68, 69, 74, 8, 83, 87, 88, 92]",com0,0.06136335220558415,20,0.20926757844996843,0
com59,"[1, 10, 101, 103, 106, 117, 125, 129, 133, 137, 17, 174, 20, 202, 205, 209, 21, 25, 250, 252, 256, 34, 35, 45, 53, 54, 62, 65, 68, 69, 74, 8, 84, 87, 88]",com0,0.05826258041513466,20,0.0744912123504483,0
com60,"[1, 101, 103, 117, 133, 137, 174, 20, 202, 205, 21, 252, 256, 34, 35, 45, 53, 69, 74, 8, 83, 84, 87, 88, 90, 92]",com0,0.05741882685598892,19,0.08991825613079012,0
com61,"[103, 174, 250, 54, 65, 87]",com0,0.07432371660037003,20,-0.031335149863760244,0
com62,"[106, 125, 137, 202, 205, 209, 252, 34, 88]",com0,0.07637239744934894,18,0.0727762803234502,0
com63,"[1, 10, 117, 133, 17, 21, 25, 256, 54, 69, 84, 90]",com0,0.05054330321296767,17,0.006640427893833893,0
